"pars","Chaturvedi","Verant"
"beta1","0.000775146744746371","0.000176295056508469"
"beta2","0.269968300570635","0.269968230587954"
"beta3","19.7303882960535","19.7303885569105"
